{"packages/cupertino_icons/assets/CupertinoIcons.ttf":["packages/cupertino_icons/assets/CupertinoIcons.ttf"],"assets/images/dashgear2.gif":["assets/images/dashgear2.gif"],"assets/images/diecutting.png":["assets/images/diecutting.png"],"assets/images/finish.png":["assets/images/finish.png"],"assets/images/gear_dash.jpg":["assets/images/gear_dash.jpg"],"assets/images/glue.png":["assets/images/glue.png"],"assets/images/logo1.png":["assets/images/logo1.png"],"assets/images/plan.png":["assets/images/plan.png"],"assets/images/print.png":["assets/images/print.png"]}